semdom	ws_lemmas	ru_matched	ru_coverage_pct	ru_tokens	mw_senses_median	ru_distinct_median	ru_entropy_median	low_coverage	thin_ru
person	3343	2081	62.2	210823	2.0	8.0	2.54		YES
substance	2142	719	33.6	87876	3.0	10.0	2.85	YES	
Tops	2024	923	45.6	137453	3.0	13.0	3.23	YES	
plant	1918	677	35.3	47335	2.0	5.0	2.17	YES	YES
artifact	1818	925	50.9	56702	3.0	8.0	2.61	YES	YES
act	1581	1133	71.7	99325	2.0	9.0	3.00		YES
communication	1320	727	55.1	120109	3.0	12.0	3.15	YES	
animal	1112	603	54.2	43591	3.0	7.0	2.41	YES	YES
state	1068	594	55.6	60047	3.0	11.0	3.12		
attribute	788	617	78.3	82615	3.0	19.0	3.81		
object	775	515	66.5	48583	2.0	8.0	2.55		YES
body	682	466	68.3	46759	3.0	10.0	2.81		
cognition	651	504	77.4	83451	3.0	20.5	3.77		
process	516	285	55.2	25493	3.0	9.0	2.95		YES
event	504	405	80.4	48686	3.0	13.0	3.30		
food	492	230	46.7	24898	3.0	9.0	2.73	YES	YES
location	392	348	88.8	50847	3.0	19.0	3.66		
quantity	361	269	74.5	49260	3.0	12.0	2.86		
time	347	255	73.5	30812	3.0	11.0	2.89		
group	259	225	86.9	42190	3.0	21.0	3.73		
feeling	231	192	83.1	28165	3.0	19.0	3.81		
possession	184	143	77.7	23882	3.0	18.0	3.57		
phenomenon	162	136	84.0	20632	3.0	16.5	3.21		
relation	96	69	71.9	11877	4.0	32.0	4.39		
shape	81	62	76.5	5708	3.0	8.5	2.78		YES
motive	1	1	100.0	406	5.0	109.0	4.73		
